SET FOREIGN_KEY_CHECKS=0;

INSERT INTO `ComplexeCulturel` (`id_complexe`, `nomComplexe`, `adresse`) VALUES
(1, 'Théâtre du Parc', '12 avenue des Arts, 75001 Paris'),
(2, 'Centre Culturel Lumière', '5 rue de la Liberté, 69002 Lyon'),
(3, 'Espace Nov\'Ais', '23 boulevard du Quai, 31000 Toulouse');

INSERT INTO `Salle` (`id_salle`, `nomSalle`, `id_complexe`) VALUES
(1, 'Salle A - Théâtre', 1),
(2, 'Salle B - Théâtre', 1),
(3, 'Salle C - Théâtre', 1),
(4, 'Salle D - Théâtre', 1),
(5, 'Salle A - Centre', 2),
(6, 'Salle B - Centre', 2),
(7, 'Salle C - Centre', 2),
(8, 'Salle D - Centre', 2),
(9, 'Salle A - Espace', 3),
(10, 'Salle B - Espace', 3),
(11, 'Salle C - Espace', 3),
(12, 'Salle D - Espace', 3);

INSERT INTO `Categorie` (`id_categorie`, `nomCategorie`) VALUES
(1, 'Théâtre'),
(2, 'Musique'),
(3, 'Danse'),
(4, 'Conférence'),
(5, 'Cinéma'),
(6, 'Jeune Public');

INSERT INTO `Tags` (`id_tag`, `nomTag`) VALUES
(1, 'FR'),
(2, 'EN'),
(3, 'Soirée'),
(4, 'Avant-première'),
(5, 'Festival'),
(6, 'Gratuit'),
(7, 'Réservé'),
(8, 'Premium');

INSERT INTO `Evenement` (`id_evenement`, `nomEvenement`, `affiche`, `description`, `date`, `ageMinimal`, `duree`, `prix`) VALUES
(1, 'La Nuit des Étoiles', 'nuit_etoiles.jpg', 'Concert symphonique sous la direction de M. Duval.', '2026-03-12', 6, 120, 35.00),
(2, 'Pièce: Le Voyageur', 'voyageur.jpg', 'Pièce contemporaine en 2 actes.', '2026-03-12', 12, 90, 20.00),
(3, 'Festival Danse Libre', 'danse.jpg', 'Trois compagnies internationales présentent leurs créations.', '2026-04-05', 10, 150, 45.00),
(4, 'Conférence: L\'IA et nous', 'ia.jpg', 'Table ronde avec experts en IA.', '2026-05-20', 16, 60, 12.50),
(5, 'Avant-première: Lumières', 'lumieres.jpg', 'Projection en avant-première du film \'Lumières\'.', '2026-06-01', 10, 110, 10.00),
(6, 'Concert Pop: Nova', 'nova.jpg', 'Concert du groupe Nova pour la tournée \'Horizons\'.', '2026-06-15', 0, 100, 28.00),
(7, 'Atelier Marionnettes', 'marionnettes.jpg', 'Atelier pour enfants animé par la Compagnie Petit Pas.', '2026-07-10', 3, 60, 6.00),
(8, 'Rencontre Auteur: Claire Morel', 'morel.jpg', 'Rencontre & dédicace avec l\'auteure Claire Morel.', '2026-08-03', 12, 90, 8.00),
(9, 'Soirée Jazz Intime', 'jazz.jpg', 'Trio de jazz dans une ambiance intimiste.', '2026-09-12', 0, 80, 22.00),
(10, 'Ciné-Plein Air', 'cine_pa.jpg', 'Projection en plein air d\'un classique du cinéma.', '2026-07-20', 0, 120, 5.00);

INSERT INTO `Horaire` (`id_horaire`, `heureDebut`, `heureFin`) VALUES
(1, '18:00:00', '20:00:00'),
(2, '20:00:00', '22:00:00'),
(3, '22:00:00', '00:00:00'),
(4, '18:00:00', '19:00:00'),
(5, '20:00:00', '21:00:00'),
(6, '18:00:00', '20:00:00'),
(7, '20:00:00', '22:00:00'),
(8, '18:00:00', '19:00:00'),
(9, '20:00:00', '21:00:00'),
(10, '22:00:00', '23:00:00'),
(11, '18:00:00', '19:00:00'),
(12, '20:00:00', '21:00:00'),
(13, '22:00:00', '23:00:00'),
(14, '18:00:00', '19:00:00'),
(15, '20:00:00', '21:00:00'),
(16, '22:00:00', '23:00:00'),
(17, '18:00:00', '19:00:00'),
(18, '20:00:00', '21:00:00'),
(19, '22:00:00', '23:00:00'),
(20, '18:00:00', '19:00:00'),
(21, '20:00:00', '21:00:00'),
(22, '18:00:00', '19:00:00'),
(23, '20:00:00', '21:00:00'),
(24, '18:00:00', '20:00:00'),
(25, '20:00:00', '22:00:00');

INSERT INTO `Evenement_Salle` (`id_evenement`, `id_salle`) VALUES
(1, 1),
(6, 1),
(10, 3),
(7, 6),
(9, 6),
(4, 7),
(1, 8),
(4, 8),
(8, 8),
(3, 9),
(5, 11),
(2, 12),
(8, 12);

INSERT INTO `Evenement_Categorie` (`id_evenement`, `id_categorie`) VALUES
(3, 1),
(4, 1),
(7, 1),
(9, 1),
(1, 2),
(2, 2),
(5, 2),
(9, 3),
(8, 5),
(2, 6),
(5, 6),
(6, 6),
(10, 6);

INSERT INTO `Evenement_Tags` (`id_evenement`, `id_tag`) VALUES
(7, 1),
(1, 2),
(3, 2),
(4, 2),
(7, 2),
(8, 2),
(10, 2),
(4, 3),
(5, 3),
(2, 4),
(3, 4),
(6, 4),
(8, 4),
(9, 4),
(10, 4),
(5, 5),
(6, 5),
(8, 5),
(2, 6),
(4, 6),
(7, 6),
(1, 7),
(9, 7),
(9, 8);

INSERT INTO `Evenement_Horaire` (`id_evenement`, `id_horaire`) VALUES
(1, 1),
(1, 2),
(1, 3),
(2, 4),
(2, 5),
(3, 6),
(3, 7),
(4, 8),
(4, 9),
(4, 10),
(5, 11),
(5, 12),
(5, 13),
(6, 14),
(6, 15),
(6, 16),
(7, 17),
(7, 18),
(7, 19),
(8, 20),
(8, 21),
(9, 22),
(9, 23),
(10, 24),
(10, 25);

INSERT INTO `Client` (`id_client`, `nom`, `email`, `adresse`, `dateNaissance`, `telephone`, `histoireAchat`) VALUES
(1, 'Lucas Martin', 'lucas.martin@example.com', '69 rue de Exemple, 75005 Paris', '1990-01-14', '0643738222', ''),
(2, 'Emma Bernard', 'emma.bernard@example.com', '37 rue de Exemple, 75014 Paris', '1980-11-01', '0625058410', ''),
(3, 'Léa Dubois', 'léa.dubois@example.com', '37 rue de Exemple, 75014 Paris', '1997-08-18', '0625550723', ''),
(4, 'Hugo Thomas', 'hugo.thomas@example.com', '27 rue de Exemple, 75017 Paris', '1994-11-11', '0650566596', ''),
(5, 'Chloé Robert', 'chloé.robert@example.com', '84 rue de Exemple, 75006 Paris', '2003-01-20', '0629153706', ''),
(6, 'Noah Petit', 'noah.petit@example.com', '61 rue de Exemple, 75017 Paris', '1984-05-08', '0696114480', ''),
(7, 'Camille Durand', 'camille.durand@example.com', '70 rue de Exemple, 75018 Paris', '1987-12-20', '0633074480', ''),
(8, 'Lola Moreau', 'lola.moreau@example.com', '7 rue de Exemple, 75006 Paris', '1995-09-26', '0658271857', ''),
(9, 'Ethan Leroy', 'ethan.leroy@example.com', '28 rue de Exemple, 75019 Paris', '1982-09-19', '0663338320', ''),
(10, 'Manon Roux', 'manon.roux@example.com', '105 rue de Exemple, 75009 Paris', '1984-04-10', '0625739927', ''),
(11, 'Julien Faure', 'julien.faure@example.com', '48 rue de Exemple, 75011 Paris', '1982-03-20', '0630005348', ''),
(12, 'Sarah Garnier', 'sarah.garnier@example.com', '109 rue de Exemple, 75013 Paris', '2001-10-27', '0643540631', ''),
(13, 'Mathis Chevalier', 'mathis.chevalier@example.com', '82 rue de Exemple, 75011 Paris', '1993-05-28', '0695231463', ''),
(14, 'Zoé Marchand', 'zoé.marchand@example.com', '47 rue de Exemple, 75010 Paris', '1990-03-05', '0663723683', ''),
(15, 'Arthur Lemaire', 'arthur.lemaire@example.com', '10 rue de Exemple, 75004 Paris', '1997-01-26', '0680248623', ''),
(16, 'Inès Perrin', 'inès.perrin@example.com', '81 rue de Exemple, 75013 Paris', '2003-11-27', '0657869134', ''),
(17, 'Nathan Morin', 'nathan.morin@example.com', '13 rue de Exemple, 75019 Paris', '2002-08-22', '0648742999', ''),
(18, 'Mila Garcia', 'mila.garcia@example.com', '7 rue de Exemple, 75008 Paris', '2002-09-22', '0616357218', ''),
(19, 'Tom Blanc', 'tom.blanc@example.com', '100 rue de Exemple, 75019 Paris', '1998-06-26', '0632476190', ''),
(20, 'Anaïs Gauthier', 'anaïs.gauthier@example.com', '34 rue de Exemple, 75017 Paris', '2003-01-25', '0647466542', ''),
(21, 'Adrien Muller', 'adrien.muller@example.com', '109 rue de Exemple, 75007 Paris', '1999-11-28', '0633780292', ''),
(22, 'Clara Henry', 'clara.henry@example.com', '113 rue de Exemple, 75017 Paris', '1997-02-06', '0676664302', ''),
(23, 'Louis Rousseau', 'louis.rousseau@example.com', '59 rue de Exemple, 75001 Paris', '1996-08-18', '0673369437', ''),
(24, 'Sacha Barbier', 'sacha.barbier@example.com', '9 rue de Exemple, 75016 Paris', '1992-05-06', '0648473063', ''),
(25, 'Lucie Colin', 'lucie.colin@example.com', '2 rue de Exemple, 75012 Paris', '1994-02-07', '0629998536', ''),
(26, 'Paul Lambert', 'paul.lambert@example.com', '29 rue de Exemple, 75020 Paris', '1988-06-14', '0619468745', ''),
(27, 'Julia Simon', 'julia.simon@example.com', '6 rue de Exemple, 75007 Paris', '1999-03-11', '0692645783', ''),
(28, 'Maxime Michel', 'maxime.michel@example.com', '118 rue de Exemple, 75004 Paris', '1986-03-10', '0666105228', ''),
(29, 'Laura David', 'laura.david@example.com', '62 rue de Exemple, 75018 Paris', '1996-05-26', '0624976695', ''),
(30, 'Simon Leclerc', 'simon.leclerc@example.com', '75 rue de Exemple, 75005 Paris', '1995-08-13', '0619576098', '');

INSERT INTO `Billet` (`id_client`, `id_evenement`, `id_horaire`, `dateAchat`, `prix`) VALUES
(1, 1, 1, '2026-02-05 14:30:00', 35.00),
(1, 5, 11, '2026-05-05 10:00:00', 10.00),
(1, 9, 22, '2026-08-15 14:00:00', 22.00),
(2, 2, 4, '2026-02-08 08:45:00', 20.00),
(2, 6, 14, '2026-05-10 09:00:00', 28.00),
(2, 10, 24, '2026-06-22 13:30:00', 5.00),
(3, 3, 6, '2026-03-01 11:00:00', 45.00),
(3, 7, 17, '2026-06-15 13:15:00', 6.00),
(4, 4, 8, '2026-04-15 16:00:00', 12.50),
(4, 8, 20, '2026-07-10 10:30:00', 8.00),
(5, 1, 1, '2026-02-10 09:15:00', 35.00),
(5, 6, 14, '2026-05-15 15:30:00', 28.00),
(5, 9, 22, '2026-08-20 10:30:00', 22.00),
(6, 2, 4, '2026-02-12 15:20:00', 20.00),
(6, 5, 11, '2026-05-10 14:45:00', 10.00),
(6, 10, 24, '2026-06-26 10:00:00', 5.00),
(7, 3, 6, '2026-03-08 13:45:00', 45.00),
(7, 7, 17, '2026-06-20 10:45:00', 6.00),
(8, 4, 8, '2026-04-20 11:30:00', 12.50),
(8, 8, 20, '2026-07-15 15:00:00', 8.00),
(9, 2, 5, '2026-02-16 12:00:00', 20.00),
(9, 6, 15, '2026-05-20 12:45:00', 28.00),
(9, 10, 25, '2026-07-01 16:20:00', 5.00),
(10, 4, 9, '2026-04-25 14:15:00', 12.50),
(10, 9, 23, '2026-08-25 16:45:00', 22.00),
(11, 3, 7, '2026-03-12 09:20:00', 45.00),
(11, 7, 18, '2026-06-25 17:20:00', 6.00),
(12, 1, 2, '2026-02-15 16:45:00', 35.00),
(12, 8, 21, '2026-07-20 12:20:00', 8.00),
(13, 5, 12, '2026-05-15 09:30:00', 10.00),
(13, 9, 23, '2026-08-30 12:15:00', 22.00),
(14, 2, 5, '2026-02-22 17:30:00', 20.00),
(14, 6, 15, '2026-05-28 10:20:00', 28.00),
(14, 10, 25, '2026-07-05 14:45:00', 5.00),
(15, 3, 7, '2026-03-18 18:00:00', 45.00),
(15, 7, 18, '2026-06-28 09:30:00', 6.00),
(16, 4, 9, '2026-05-01 09:00:00', 12.50),
(16, 8, 21, '2026-07-24 09:45:00', 8.00),
(17, 5, 12, '2026-05-20 16:00:00', 10.00),
(17, 10, 24, '2026-07-10 09:15:00', 5.00),
(18, 1, 2, '2026-02-20 11:20:00', 35.00),
(18, 9, 22, '2026-09-02 09:20:00', 22.00),
(19, 2, 4, '2026-02-26 10:15:00', 20.00),
(19, 6, 16, '2026-06-02 16:50:00', 28.00),
(20, 3, 6, '2026-03-22 14:30:00', 45.00),
(20, 7, 19, '2026-07-01 14:50:00', 6.00),
(21, 4, 10, '2026-05-05 17:45:00', 12.50),
(21, 8, 20, '2026-07-28 17:30:00', 8.00),
(22, 2, 5, '2026-03-02 14:00:00', 20.00),
(22, 5, 13, '2026-05-22 11:15:00', 10.00),
(22, 9, 23, '2026-09-06 15:50:00', 22.00),
(23, 1, 3, '2026-02-25 19:00:00', 35.00),
(23, 6, 16, '2026-06-06 14:00:00', 28.00),
(23, 10, 25, '2026-07-14 11:50:00', 5.00),
(24, 4, 10, '2026-05-10 12:20:00', 12.50),
(24, 8, 21, '2026-07-31 13:10:00', 8.00),
(25, 3, 7, '2026-03-28 10:45:00', 45.00),
(25, 7, 19, '2026-07-05 11:00:00', 6.00),
(26, 2, 4, '2026-03-07 09:30:00', 20.00),
(26, 5, 13, '2026-05-26 13:40:00', 10.00),
(26, 10, 24, '2026-07-18 15:30:00', 5.00),
(27, 1, 3, '2026-03-01 13:30:00', 35.00),
(27, 6, 14, '2026-06-10 11:30:00', 28.00),
(27, 9, 22, '2026-09-10 11:10:00', 22.00),
(28, 4, 8, '2026-05-15 15:30:00', 12.50),
(28, 8, 20, '2026-08-01 11:40:00', 8.00),
(29, 3, 6, '2026-04-01 16:20:00', 45.00),
(29, 7, 17, '2026-07-08 16:15:00', 6.00),
(30, 1, 1, '2026-03-05 10:00:00', 35.00),
(30, 5, 11, '2026-05-29 18:20:00', 10.00);
SET FOREIGN_KEY_CHECKS=1;
