SET FOREIGN_KEY_CHECKS=0;
ALTER TABLE `ComplexeCulturel` DROP PRIMARY KEY; -- drop PK if exists (no-op if not present)
ALTER TABLE `ComplexeCulturel` MODIFY `id_complexe` int NOT NULL AUTO_INCREMENT;
ALTER TABLE `ComplexeCulturel` ADD PRIMARY KEY (`id_complexe`);
ALTER TABLE `Salle` DROP PRIMARY KEY; -- drop PK if exists (no-op if not present)
ALTER TABLE `Salle` MODIFY `id_salle` int NOT NULL AUTO_INCREMENT;
ALTER TABLE `Salle` ADD PRIMARY KEY (`id_salle`);
ALTER TABLE `Evenement` DROP PRIMARY KEY; -- drop PK if exists (no-op if not present)
ALTER TABLE `Evenement` MODIFY `id_evenement` int NOT NULL AUTO_INCREMENT;
ALTER TABLE `Evenement` ADD PRIMARY KEY (`id_evenement`);
ALTER TABLE `Horaire` DROP PRIMARY KEY; -- drop PK if exists (no-op if not present)
ALTER TABLE `Horaire` MODIFY `id_horaire` int NOT NULL AUTO_INCREMENT;
ALTER TABLE `Horaire` ADD PRIMARY KEY (`id_horaire`);
ALTER TABLE `Tags` DROP PRIMARY KEY; -- drop PK if exists (no-op if not present)
ALTER TABLE `Tags` MODIFY `id_tag` int NOT NULL AUTO_INCREMENT;
ALTER TABLE `Tags` ADD PRIMARY KEY (`id_tag`);
ALTER TABLE `Categorie` DROP PRIMARY KEY; -- drop PK if exists (no-op if not present)
ALTER TABLE `Categorie` MODIFY `id_categorie` int NOT NULL AUTO_INCREMENT;
ALTER TABLE `Categorie` ADD PRIMARY KEY (`id_categorie`);
ALTER TABLE `Client` DROP PRIMARY KEY; -- drop PK if exists (no-op if not present)
ALTER TABLE `Client` MODIFY `id_client` int NOT NULL AUTO_INCREMENT;
ALTER TABLE `Client` ADD PRIMARY KEY (`id_client`);
ALTER TABLE `Billet` DROP PRIMARY KEY; -- drop PK if exists (no-op if not present)
ALTER TABLE `Billet` MODIFY `id_billet` int NOT NULL AUTO_INCREMENT;
ALTER TABLE `Billet` ADD PRIMARY KEY (`id_billet`);
INSERT INTO `ComplexeCulturel` (id_complexe, nomComplexe, adresse) VALUES (1, 'Théâtre du Parc', '12 avenue des Arts, 75001 Paris');
INSERT INTO `ComplexeCulturel` (id_complexe, nomComplexe, adresse) VALUES (2, 'Centre Culturel Lumière', '5 rue de la Liberté, 69002 Lyon');
INSERT INTO `ComplexeCulturel` (id_complexe, nomComplexe, adresse) VALUES (3, 'Espace Nov''Ais', '23 boulevard du Quai, 31000 Toulouse');
INSERT INTO `Salle` (id_salle, nomSalle, id_complexe) VALUES (1, 'Salle A - Théâtre', 1);
INSERT INTO `Salle` (id_salle, nomSalle, id_complexe) VALUES (2, 'Salle B - Théâtre', 1);
INSERT INTO `Salle` (id_salle, nomSalle, id_complexe) VALUES (3, 'Salle C - Théâtre', 1);
INSERT INTO `Salle` (id_salle, nomSalle, id_complexe) VALUES (4, 'Salle D - Théâtre', 1);
INSERT INTO `Salle` (id_salle, nomSalle, id_complexe) VALUES (5, 'Salle A - Centre', 2);
INSERT INTO `Salle` (id_salle, nomSalle, id_complexe) VALUES (6, 'Salle B - Centre', 2);
INSERT INTO `Salle` (id_salle, nomSalle, id_complexe) VALUES (7, 'Salle C - Centre', 2);
INSERT INTO `Salle` (id_salle, nomSalle, id_complexe) VALUES (8, 'Salle D - Centre', 2);
INSERT INTO `Salle` (id_salle, nomSalle, id_complexe) VALUES (9, 'Salle A - Espace', 3);
INSERT INTO `Salle` (id_salle, nomSalle, id_complexe) VALUES (10, 'Salle B - Espace', 3);
INSERT INTO `Salle` (id_salle, nomSalle, id_complexe) VALUES (11, 'Salle C - Espace', 3);
INSERT INTO `Salle` (id_salle, nomSalle, id_complexe) VALUES (12, 'Salle D - Espace', 3);
INSERT INTO `Categorie` (id_categorie, nomCategorie) VALUES (1, 'Théâtre');
INSERT INTO `Categorie` (id_categorie, nomCategorie) VALUES (2, 'Musique');
INSERT INTO `Categorie` (id_categorie, nomCategorie) VALUES (3, 'Danse');
INSERT INTO `Categorie` (id_categorie, nomCategorie) VALUES (4, 'Conférence');
INSERT INTO `Categorie` (id_categorie, nomCategorie) VALUES (5, 'Cinéma');
INSERT INTO `Categorie` (id_categorie, nomCategorie) VALUES (6, 'Jeune Public');
INSERT INTO `Tags` (id_tag, nomTag) VALUES (1, 'FR');
INSERT INTO `Tags` (id_tag, nomTag) VALUES (2, 'EN');
INSERT INTO `Tags` (id_tag, nomTag) VALUES (3, 'Soirée');
INSERT INTO `Tags` (id_tag, nomTag) VALUES (4, 'Avant-première');
INSERT INTO `Tags` (id_tag, nomTag) VALUES (5, 'Festival');
INSERT INTO `Tags` (id_tag, nomTag) VALUES (6, 'Gratuit');
INSERT INTO `Tags` (id_tag, nomTag) VALUES (7, 'Réservé');
INSERT INTO `Tags` (id_tag, nomTag) VALUES (8, 'Premium');
INSERT INTO `Evenement` (id_evenement, nomEvenement, affiche, description, date, ageMinimal, duree, prix) VALUES (1, 'La Nuit des Étoiles', 'nuit_etoiles.jpg', 'Concert symphonique sous la direction de M. Duval.', '2026-03-12 00:00:00', 6, 120, 35.0);
INSERT INTO `Evenement` (id_evenement, nomEvenement, affiche, description, date, ageMinimal, duree, prix) VALUES (2, 'Pièce: Le Voyageur', 'voyageur.jpg', 'Pièce contemporaine en 2 actes.', '2026-03-12 00:00:00', 12, 90, 20.0);
INSERT INTO `Evenement` (id_evenement, nomEvenement, affiche, description, date, ageMinimal, duree, prix) VALUES (3, 'Festival Danse Libre', 'danse.jpg', 'Trois compagnies internationales présentent leurs créations.', '2026-04-05 00:00:00', 10, 150, 45.0);
INSERT INTO `Evenement` (id_evenement, nomEvenement, affiche, description, date, ageMinimal, duree, prix) VALUES (4, 'Conférence: L''IA et nous', 'ia.jpg', 'Table ronde avec experts en IA.', '2026-05-20 00:00:00', 16, 60, 12.5);
INSERT INTO `Evenement` (id_evenement, nomEvenement, affiche, description, date, ageMinimal, duree, prix) VALUES (5, 'Avant-première: Lumières', 'lumieres.jpg', 'Projection en avant-première du film ''Lumières''.', '2026-06-01 00:00:00', 10, 110, 10.0);
INSERT INTO `Evenement` (id_evenement, nomEvenement, affiche, description, date, ageMinimal, duree, prix) VALUES (6, 'Concert Pop: Nova', 'nova.jpg', 'Concert du groupe Nova pour la tournée ''Horizons''.', '2026-06-15 00:00:00', 0, 100, 28.0);
INSERT INTO `Evenement` (id_evenement, nomEvenement, affiche, description, date, ageMinimal, duree, prix) VALUES (7, 'Atelier Marionnettes', 'marionnettes.jpg', 'Atelier pour enfants animé par la Compagnie Petit Pas.', '2026-07-10 00:00:00', 3, 60, 6.0);
INSERT INTO `Evenement` (id_evenement, nomEvenement, affiche, description, date, ageMinimal, duree, prix) VALUES (8, 'Rencontre Auteur: Claire Morel', 'morel.jpg', 'Rencontre & dédicace avec l''auteure Claire Morel.', '2026-08-03 00:00:00', 12, 90, 8.0);
INSERT INTO `Evenement` (id_evenement, nomEvenement, affiche, description, date, ageMinimal, duree, prix) VALUES (9, 'Soirée Jazz Intime', 'jazz.jpg', 'Trio de jazz dans une ambiance intimiste.', '2026-09-12 00:00:00', 0, 80, 22.0);
INSERT INTO `Evenement` (id_evenement, nomEvenement, affiche, description, date, ageMinimal, duree, prix) VALUES (10, 'Ciné-Plein Air', 'cine_pa.jpg', 'Projection en plein air d''un classique du cinéma.', '2026-07-20 00:00:00', 0, 120, 5.0);
INSERT INTO `Horaire` (id_horaire, heureDebut, heureFin) VALUES (1, '18:00:00', '20:00:00');
INSERT INTO `Horaire` (id_horaire, heureDebut, heureFin) VALUES (2, '20:00:00', '22:00:00');
INSERT INTO `Horaire` (id_horaire, heureDebut, heureFin) VALUES (3, '22:00:00', '00:00:00');
INSERT INTO `Horaire` (id_horaire, heureDebut, heureFin) VALUES (4, '18:00:00', '19:00:00');
INSERT INTO `Horaire` (id_horaire, heureDebut, heureFin) VALUES (5, '20:00:00', '21:00:00');
INSERT INTO `Horaire` (id_horaire, heureDebut, heureFin) VALUES (6, '18:00:00', '20:00:00');
INSERT INTO `Horaire` (id_horaire, heureDebut, heureFin) VALUES (7, '20:00:00', '22:00:00');
INSERT INTO `Horaire` (id_horaire, heureDebut, heureFin) VALUES (8, '18:00:00', '19:00:00');
INSERT INTO `Horaire` (id_horaire, heureDebut, heureFin) VALUES (9, '20:00:00', '21:00:00');
INSERT INTO `Horaire` (id_horaire, heureDebut, heureFin) VALUES (10, '22:00:00', '23:00:00');
INSERT INTO `Horaire` (id_horaire, heureDebut, heureFin) VALUES (11, '18:00:00', '19:00:00');
INSERT INTO `Horaire` (id_horaire, heureDebut, heureFin) VALUES (12, '20:00:00', '21:00:00');
INSERT INTO `Horaire` (id_horaire, heureDebut, heureFin) VALUES (13, '22:00:00', '23:00:00');
INSERT INTO `Horaire` (id_horaire, heureDebut, heureFin) VALUES (14, '18:00:00', '19:00:00');
INSERT INTO `Horaire` (id_horaire, heureDebut, heureFin) VALUES (15, '20:00:00', '21:00:00');
INSERT INTO `Horaire` (id_horaire, heureDebut, heureFin) VALUES (16, '22:00:00', '23:00:00');
INSERT INTO `Horaire` (id_horaire, heureDebut, heureFin) VALUES (17, '18:00:00', '19:00:00');
INSERT INTO `Horaire` (id_horaire, heureDebut, heureFin) VALUES (18, '20:00:00', '21:00:00');
INSERT INTO `Horaire` (id_horaire, heureDebut, heureFin) VALUES (19, '22:00:00', '23:00:00');
INSERT INTO `Horaire` (id_horaire, heureDebut, heureFin) VALUES (20, '18:00:00', '19:00:00');
INSERT INTO `Horaire` (id_horaire, heureDebut, heureFin) VALUES (21, '20:00:00', '21:00:00');
INSERT INTO `Horaire` (id_horaire, heureDebut, heureFin) VALUES (22, '18:00:00', '19:00:00');
INSERT INTO `Horaire` (id_horaire, heureDebut, heureFin) VALUES (23, '20:00:00', '21:00:00');
INSERT INTO `Horaire` (id_horaire, heureDebut, heureFin) VALUES (24, '18:00:00', '20:00:00');
INSERT INTO `Horaire` (id_horaire, heureDebut, heureFin) VALUES (25, '20:00:00', '22:00:00');
INSERT INTO `Evenement_Salle` (id_evenement, id_salle) VALUES (1, 8);
INSERT INTO `Evenement_Salle` (id_evenement, id_salle) VALUES (1, 1);
INSERT INTO `Evenement_Salle` (id_evenement, id_salle) VALUES (2, 12);
INSERT INTO `Evenement_Salle` (id_evenement, id_salle) VALUES (3, 9);
INSERT INTO `Evenement_Salle` (id_evenement, id_salle) VALUES (4, 8);
INSERT INTO `Evenement_Salle` (id_evenement, id_salle) VALUES (4, 7);
INSERT INTO `Evenement_Salle` (id_evenement, id_salle) VALUES (5, 11);
INSERT INTO `Evenement_Salle` (id_evenement, id_salle) VALUES (6, 1);
INSERT INTO `Evenement_Salle` (id_evenement, id_salle) VALUES (7, 6);
INSERT INTO `Evenement_Salle` (id_evenement, id_salle) VALUES (8, 12);
INSERT INTO `Evenement_Salle` (id_evenement, id_salle) VALUES (8, 8);
INSERT INTO `Evenement_Salle` (id_evenement, id_salle) VALUES (9, 6);
INSERT INTO `Evenement_Salle` (id_evenement, id_salle) VALUES (10, 3);
INSERT INTO `Evenement_Categorie` (id_evenement, id_categorie) VALUES (1, 2);
INSERT INTO `Evenement_Categorie` (id_evenement, id_categorie) VALUES (2, 2);
INSERT INTO `Evenement_Categorie` (id_evenement, id_categorie) VALUES (2, 6);
INSERT INTO `Evenement_Categorie` (id_evenement, id_categorie) VALUES (3, 1);
INSERT INTO `Evenement_Categorie` (id_evenement, id_categorie) VALUES (4, 1);
INSERT INTO `Evenement_Categorie` (id_evenement, id_categorie) VALUES (5, 2);
INSERT INTO `Evenement_Categorie` (id_evenement, id_categorie) VALUES (5, 6);
INSERT INTO `Evenement_Categorie` (id_evenement, id_categorie) VALUES (6, 6);
INSERT INTO `Evenement_Categorie` (id_evenement, id_categorie) VALUES (7, 1);
INSERT INTO `Evenement_Categorie` (id_evenement, id_categorie) VALUES (8, 5);
INSERT INTO `Evenement_Categorie` (id_evenement, id_categorie) VALUES (9, 3);
INSERT INTO `Evenement_Categorie` (id_evenement, id_categorie) VALUES (9, 1);
INSERT INTO `Evenement_Categorie` (id_evenement, id_categorie) VALUES (10, 6);
INSERT INTO `Evenement_Tags` (id_evenement, id_tag) VALUES (1, 7);
INSERT INTO `Evenement_Tags` (id_evenement, id_tag) VALUES (1, 2);
INSERT INTO `Evenement_Tags` (id_evenement, id_tag) VALUES (2, 6);
INSERT INTO `Evenement_Tags` (id_evenement, id_tag) VALUES (2, 4);
INSERT INTO `Evenement_Tags` (id_evenement, id_tag) VALUES (3, 4);
INSERT INTO `Evenement_Tags` (id_evenement, id_tag) VALUES (3, 2);
INSERT INTO `Evenement_Tags` (id_evenement, id_tag) VALUES (4, 2);
INSERT INTO `Evenement_Tags` (id_evenement, id_tag) VALUES (4, 3);
INSERT INTO `Evenement_Tags` (id_evenement, id_tag) VALUES (4, 6);
INSERT INTO `Evenement_Tags` (id_evenement, id_tag) VALUES (5, 3);
INSERT INTO `Evenement_Tags` (id_evenement, id_tag) VALUES (5, 5);
INSERT INTO `Evenement_Tags` (id_evenement, id_tag) VALUES (6, 4);
INSERT INTO `Evenement_Tags` (id_evenement, id_tag) VALUES (6, 5);
INSERT INTO `Evenement_Tags` (id_evenement, id_tag) VALUES (7, 2);
INSERT INTO `Evenement_Tags` (id_evenement, id_tag) VALUES (7, 6);
INSERT INTO `Evenement_Tags` (id_evenement, id_tag) VALUES (7, 1);
INSERT INTO `Evenement_Tags` (id_evenement, id_tag) VALUES (8, 2);
INSERT INTO `Evenement_Tags` (id_evenement, id_tag) VALUES (8, 4);
INSERT INTO `Evenement_Tags` (id_evenement, id_tag) VALUES (8, 5);
INSERT INTO `Evenement_Tags` (id_evenement, id_tag) VALUES (9, 7);
INSERT INTO `Evenement_Tags` (id_evenement, id_tag) VALUES (9, 8);
INSERT INTO `Evenement_Tags` (id_evenement, id_tag) VALUES (9, 4);
INSERT INTO `Evenement_Tags` (id_evenement, id_tag) VALUES (10, 2);
INSERT INTO `Evenement_Tags` (id_evenement, id_tag) VALUES (10, 4);
INSERT INTO `Evenement_Horaire` (id_evenement, id_horaire) VALUES (1, 1);
INSERT INTO `Evenement_Horaire` (id_evenement, id_horaire) VALUES (1, 2);
INSERT INTO `Evenement_Horaire` (id_evenement, id_horaire) VALUES (1, 3);
INSERT INTO `Evenement_Horaire` (id_evenement, id_horaire) VALUES (2, 4);
INSERT INTO `Evenement_Horaire` (id_evenement, id_horaire) VALUES (2, 5);
INSERT INTO `Evenement_Horaire` (id_evenement, id_horaire) VALUES (3, 6);
INSERT INTO `Evenement_Horaire` (id_evenement, id_horaire) VALUES (3, 7);
INSERT INTO `Evenement_Horaire` (id_evenement, id_horaire) VALUES (4, 8);
INSERT INTO `Evenement_Horaire` (id_evenement, id_horaire) VALUES (4, 9);
INSERT INTO `Evenement_Horaire` (id_evenement, id_horaire) VALUES (4, 10);
INSERT INTO `Evenement_Horaire` (id_evenement, id_horaire) VALUES (5, 11);
INSERT INTO `Evenement_Horaire` (id_evenement, id_horaire) VALUES (5, 12);
INSERT INTO `Evenement_Horaire` (id_evenement, id_horaire) VALUES (5, 13);
INSERT INTO `Evenement_Horaire` (id_evenement, id_horaire) VALUES (6, 14);
INSERT INTO `Evenement_Horaire` (id_evenement, id_horaire) VALUES (6, 15);
INSERT INTO `Evenement_Horaire` (id_evenement, id_horaire) VALUES (6, 16);
INSERT INTO `Evenement_Horaire` (id_evenement, id_horaire) VALUES (7, 17);
INSERT INTO `Evenement_Horaire` (id_evenement, id_horaire) VALUES (7, 18);
INSERT INTO `Evenement_Horaire` (id_evenement, id_horaire) VALUES (7, 19);
INSERT INTO `Evenement_Horaire` (id_evenement, id_horaire) VALUES (8, 20);
INSERT INTO `Evenement_Horaire` (id_evenement, id_horaire) VALUES (8, 21);
INSERT INTO `Evenement_Horaire` (id_evenement, id_horaire) VALUES (9, 22);
INSERT INTO `Evenement_Horaire` (id_evenement, id_horaire) VALUES (9, 23);
INSERT INTO `Evenement_Horaire` (id_evenement, id_horaire) VALUES (10, 24);
INSERT INTO `Evenement_Horaire` (id_evenement, id_horaire) VALUES (10, 25);
INSERT INTO `Client` (id_client, nom, email, adresse, dateNaissance, telephone, histoireAchat) VALUES (1, 'Lucas Martin', 'lucas.martin@example.com', '69 rue de Exemple, 75005 Paris', '1990-01-14', '0643738222', '');
INSERT INTO `Client` (id_client, nom, email, adresse, dateNaissance, telephone, histoireAchat) VALUES (2, 'Emma Bernard', 'emma.bernard@example.com', '37 rue de Exemple, 75014 Paris', '1980-11-01', '0625058410', '');
INSERT INTO `Client` (id_client, nom, email, adresse, dateNaissance, telephone, histoireAchat) VALUES (3, 'Léa Dubois', 'léa.dubois@example.com', '37 rue de Exemple, 75014 Paris', '1997-08-18', '0625550723', '');
INSERT INTO `Client` (id_client, nom, email, adresse, dateNaissance, telephone, histoireAchat) VALUES (4, 'Hugo Thomas', 'hugo.thomas@example.com', '27 rue de Exemple, 75017 Paris', '1994-11-11', '0650566596', '');
INSERT INTO `Client` (id_client, nom, email, adresse, dateNaissance, telephone, histoireAchat) VALUES (5, 'Chloé Robert', 'chloé.robert@example.com', '84 rue de Exemple, 75006 Paris', '2003-01-20', '0629153706', '');
INSERT INTO `Client` (id_client, nom, email, adresse, dateNaissance, telephone, histoireAchat) VALUES (6, 'Noah Petit', 'noah.petit@example.com', '61 rue de Exemple, 75017 Paris', '1984-05-08', '0696114480', '');
INSERT INTO `Client` (id_client, nom, email, adresse, dateNaissance, telephone, histoireAchat) VALUES (7, 'Camille Durand', 'camille.durand@example.com', '70 rue de Exemple, 75018 Paris', '1987-12-20', '0633074480', '');
INSERT INTO `Client` (id_client, nom, email, adresse, dateNaissance, telephone, histoireAchat) VALUES (8, 'Lola Moreau', 'lola.moreau@example.com', '7 rue de Exemple, 75006 Paris', '1995-09-26', '0658271857', '');
INSERT INTO `Client` (id_client, nom, email, adresse, dateNaissance, telephone, histoireAchat) VALUES (9, 'Ethan Leroy', 'ethan.leroy@example.com', '28 rue de Exemple, 75019 Paris', '1982-09-19', '0663338320', '');
INSERT INTO `Client` (id_client, nom, email, adresse, dateNaissance, telephone, histoireAchat) VALUES (10, 'Manon Roux', 'manon.roux@example.com', '105 rue de Exemple, 75009 Paris', '1984-04-10', '0625739927', '');
INSERT INTO `Client` (id_client, nom, email, adresse, dateNaissance, telephone, histoireAchat) VALUES (11, 'Julien Faure', 'julien.faure@example.com', '48 rue de Exemple, 75011 Paris', '1982-03-20', '0630005348', '');
INSERT INTO `Client` (id_client, nom, email, adresse, dateNaissance, telephone, histoireAchat) VALUES (12, 'Sarah Garnier', 'sarah.garnier@example.com', '109 rue de Exemple, 75013 Paris', '2001-10-27', '0643540631', '');
INSERT INTO `Client` (id_client, nom, email, adresse, dateNaissance, telephone, histoireAchat) VALUES (13, 'Mathis Chevalier', 'mathis.chevalier@example.com', '82 rue de Exemple, 75011 Paris', '1993-05-28', '0695231463', '');
INSERT INTO `Client` (id_client, nom, email, adresse, dateNaissance, telephone, histoireAchat) VALUES (14, 'Zoé Marchand', 'zoé.marchand@example.com', '47 rue de Exemple, 75010 Paris', '1990-03-05', '0663723683', '');
INSERT INTO `Client` (id_client, nom, email, adresse, dateNaissance, telephone, histoireAchat) VALUES (15, 'Arthur Lemaire', 'arthur.lemaire@example.com', '10 rue de Exemple, 75004 Paris', '1997-01-26', '0680248623', '');
INSERT INTO `Client` (id_client, nom, email, adresse, dateNaissance, telephone, histoireAchat) VALUES (16, 'Inès Perrin', 'inès.perrin@example.com', '81 rue de Exemple, 75013 Paris', '2003-11-27', '0657869134', '');
INSERT INTO `Client` (id_client, nom, email, adresse, dateNaissance, telephone, histoireAchat) VALUES (17, 'Nathan Morin', 'nathan.morin@example.com', '13 rue de Exemple, 75019 Paris', '2002-08-22', '0648742999', '');
INSERT INTO `Client` (id_client, nom, email, adresse, dateNaissance, telephone, histoireAchat) VALUES (18, 'Mila Garcia', 'mila.garcia@example.com', '7 rue de Exemple, 75008 Paris', '2002-09-22', '0616357218', '');
INSERT INTO `Client` (id_client, nom, email, adresse, dateNaissance, telephone, histoireAchat) VALUES (19, 'Tom Blanc', 'tom.blanc@example.com', '100 rue de Exemple, 75019 Paris', '1998-06-26', '0632476190', '');
INSERT INTO `Client` (id_client, nom, email, adresse, dateNaissance, telephone, histoireAchat) VALUES (20, 'Anaïs Gauthier', 'anaïs.gauthier@example.com', '34 rue de Exemple, 75017 Paris', '2003-01-25', '0647466542', '');
INSERT INTO `Client` (id_client, nom, email, adresse, dateNaissance, telephone, histoireAchat) VALUES (21, 'Adrien Muller', 'adrien.muller@example.com', '109 rue de Exemple, 75007 Paris', '1999-11-28', '0633780292', '');
INSERT INTO `Client` (id_client, nom, email, adresse, dateNaissance, telephone, histoireAchat) VALUES (22, 'Clara Henry', 'clara.henry@example.com', '113 rue de Exemple, 75017 Paris', '1997-02-06', '0676664302', '');
INSERT INTO `Client` (id_client, nom, email, adresse, dateNaissance, telephone, histoireAchat) VALUES (23, 'Louis Rousseau', 'louis.rousseau@example.com', '59 rue de Exemple, 75001 Paris', '1996-08-18', '0673369437', '');
INSERT INTO `Client` (id_client, nom, email, adresse, dateNaissance, telephone, histoireAchat) VALUES (24, 'Sacha Barbier', 'sacha.barbier@example.com', '9 rue de Exemple, 75016 Paris', '1992-05-06', '0648473063', '');
INSERT INTO `Client` (id_client, nom, email, adresse, dateNaissance, telephone, histoireAchat) VALUES (25, 'Lucie Colin', 'lucie.colin@example.com', '2 rue de Exemple, 75012 Paris', '1994-02-07', '0629998536', '');
INSERT INTO `Client` (id_client, nom, email, adresse, dateNaissance, telephone, histoireAchat) VALUES (26, 'Paul Lambert', 'paul.lambert@example.com', '29 rue de Exemple, 75020 Paris', '1988-06-14', '0619468745', '');
INSERT INTO `Client` (id_client, nom, email, adresse, dateNaissance, telephone, histoireAchat) VALUES (27, 'Julia Simon', 'julia.simon@example.com', '6 rue de Exemple, 75007 Paris', '1999-03-11', '0692645783', '');
INSERT INTO `Client` (id_client, nom, email, adresse, dateNaissance, telephone, histoireAchat) VALUES (28, 'Maxime Michel', 'maxime.michel@example.com', '118 rue de Exemple, 75004 Paris', '1986-03-10', '0666105228', '');
INSERT INTO `Client` (id_client, nom, email, adresse, dateNaissance, telephone, histoireAchat) VALUES (29, 'Laura David', 'laura.david@example.com', '62 rue de Exemple, 75018 Paris', '1996-05-26', '0624976695', '');
INSERT INTO `Client` (id_client, nom, email, adresse, dateNaissance, telephone, histoireAchat) VALUES (30, 'Simon Leclerc', 'simon.leclerc@example.com', '75 rue de Exemple, 75005 Paris', '1995-08-13', '0619576098', '');
INSERT INTO `Billet` (id_billet, id_client, id_evenement, id_horaire, dateAchat, prix) VALUES (1, 16, 9, 23, '2026-07-07 00:00:00', 22.0);
INSERT INTO `Billet` (id_billet, id_client, id_evenement, id_horaire, dateAchat, prix) VALUES (2, 14, 2, 4, '2025-12-15 00:00:00', 20.0);
INSERT INTO `Billet` (id_billet, id_client, id_evenement, id_horaire, dateAchat, prix) VALUES (3, 22, 7, 19, '2026-06-15 00:00:00', 6.0);
INSERT INTO `Billet` (id_billet, id_client, id_evenement, id_horaire, dateAchat, prix) VALUES (4, 9, 10, 25, '2026-06-21 00:00:00', 5.0);
INSERT INTO `Billet` (id_billet, id_client, id_evenement, id_horaire, dateAchat, prix) VALUES (5, 9, 6, 14, '2026-04-18 00:00:00', 28.0);
INSERT INTO `Billet` (id_billet, id_client, id_evenement, id_horaire, dateAchat, prix) VALUES (6, 27, 2, 5, '2026-01-07 00:00:00', 20.0);
INSERT INTO `Billet` (id_billet, id_client, id_evenement, id_horaire, dateAchat, prix) VALUES (7, 3, 8, 20, '2026-06-07 00:00:00', 8.0);
INSERT INTO `Billet` (id_billet, id_client, id_evenement, id_horaire, dateAchat, prix) VALUES (8, 26, 3, 6, '2026-03-08 00:00:00', 45.0);
INSERT INTO `Billet` (id_billet, id_client, id_evenement, id_horaire, dateAchat, prix) VALUES (9, 15, 10, 24, '2026-05-15 00:00:00', 5.0);
INSERT INTO `Billet` (id_billet, id_client, id_evenement, id_horaire, dateAchat, prix) VALUES (10, 10, 10, 25, '2026-07-10 00:00:00', 5.0);
INSERT INTO `Billet` (id_billet, id_client, id_evenement, id_horaire, dateAchat, prix) VALUES (11, 16, 9, 22, '2026-07-18 00:00:00', 22.0);
INSERT INTO `Billet` (id_billet, id_client, id_evenement, id_horaire, dateAchat, prix) VALUES (12, 21, 6, 14, '2026-03-17 00:00:00', 28.0);
INSERT INTO `Billet` (id_billet, id_client, id_evenement, id_horaire, dateAchat, prix) VALUES (13, 18, 6, 16, '2026-04-16 00:00:00', 28.0);
INSERT INTO `Billet` (id_billet, id_client, id_evenement, id_horaire, dateAchat, prix) VALUES (14, 25, 7, 18, '2026-06-30 00:00:00', 6.0);
INSERT INTO `Billet` (id_billet, id_client, id_evenement, id_horaire, dateAchat, prix) VALUES (15, 29, 1, 1, '2026-02-24 00:00:00', 35.0);
INSERT INTO `Billet` (id_billet, id_client, id_evenement, id_horaire, dateAchat, prix) VALUES (16, 3, 7, 17, '2026-06-08 00:00:00', 6.0);
INSERT INTO `Billet` (id_billet, id_client, id_evenement, id_horaire, dateAchat, prix) VALUES (17, 5, 8, 21, '2026-06-23 00:00:00', 8.0);
INSERT INTO `Billet` (id_billet, id_client, id_evenement, id_horaire, dateAchat, prix) VALUES (18, 26, 7, 17, '2026-06-04 00:00:00', 6.0);
INSERT INTO `Billet` (id_billet, id_client, id_evenement, id_horaire, dateAchat, prix) VALUES (19, 28, 9, 23, '2026-08-29 00:00:00', 22.0);
INSERT INTO `Billet` (id_billet, id_client, id_evenement, id_horaire, dateAchat, prix) VALUES (20, 10, 4, 9, '2026-02-27 00:00:00', 12.5);
INSERT INTO `Billet` (id_billet, id_client, id_evenement, id_horaire, dateAchat, prix) VALUES (21, 21, 4, 10, '2026-03-24 00:00:00', 12.5);
INSERT INTO `Billet` (id_billet, id_client, id_evenement, id_horaire, dateAchat, prix) VALUES (22, 5, 6, 14, '2026-03-29 00:00:00', 28.0);
INSERT INTO `Billet` (id_billet, id_client, id_evenement, id_horaire, dateAchat, prix) VALUES (23, 30, 10, 24, '2026-05-19 00:00:00', 5.0);
INSERT INTO `Billet` (id_billet, id_client, id_evenement, id_horaire, dateAchat, prix) VALUES (24, 19, 1, 2, '2026-01-04 00:00:00', 35.0);
INSERT INTO `Billet` (id_billet, id_client, id_evenement, id_horaire, dateAchat, prix) VALUES (25, 16, 5, 13, '2026-04-29 00:00:00', 10.0);
INSERT INTO `Billet` (id_billet, id_client, id_evenement, id_horaire, dateAchat, prix) VALUES (26, 26, 7, 18, '2026-05-24 00:00:00', 6.0);
INSERT INTO `Billet` (id_billet, id_client, id_evenement, id_horaire, dateAchat, prix) VALUES (27, 21, 7, 18, '2026-05-10 00:00:00', 6.0);
INSERT INTO `Billet` (id_billet, id_client, id_evenement, id_horaire, dateAchat, prix) VALUES (28, 18, 1, 2, '2026-01-14 00:00:00', 35.0);
INSERT INTO `Billet` (id_billet, id_client, id_evenement, id_horaire, dateAchat, prix) VALUES (29, 16, 9, 23, '2026-08-26 00:00:00', 22.0);
INSERT INTO `Billet` (id_billet, id_client, id_evenement, id_horaire, dateAchat, prix) VALUES (30, 29, 4, 9, '2026-02-25 00:00:00', 12.5);
INSERT INTO `Billet` (id_billet, id_client, id_evenement, id_horaire, dateAchat, prix) VALUES (31, 25, 7, 17, '2026-04-29 00:00:00', 6.0);
INSERT INTO `Billet` (id_billet, id_client, id_evenement, id_horaire, dateAchat, prix) VALUES (32, 10, 7, 18, '2026-05-18 00:00:00', 6.0);
INSERT INTO `Billet` (id_billet, id_client, id_evenement, id_horaire, dateAchat, prix) VALUES (33, 4, 4, 8, '2026-05-18 00:00:00', 12.5);
INSERT INTO `Billet` (id_billet, id_client, id_evenement, id_horaire, dateAchat, prix) VALUES (34, 26, 7, 18, '2026-04-25 00:00:00', 6.0);
INSERT INTO `Billet` (id_billet, id_client, id_evenement, id_horaire, dateAchat, prix) VALUES (35, 21, 1, 1, '2025-12-27 00:00:00', 35.0);
INSERT INTO `Billet` (id_billet, id_client, id_evenement, id_horaire, dateAchat, prix) VALUES (36, 19, 5, 13, '2026-04-15 00:00:00', 10.0);
INSERT INTO `Billet` (id_billet, id_client, id_evenement, id_horaire, dateAchat, prix) VALUES (37, 17, 2, 4, '2026-02-26 00:00:00', 20.0);
INSERT INTO `Billet` (id_billet, id_client, id_evenement, id_horaire, dateAchat, prix) VALUES (38, 27, 2, 4, '2026-01-03 00:00:00', 20.0);
INSERT INTO `Billet` (id_billet, id_client, id_evenement, id_horaire, dateAchat, prix) VALUES (39, 25, 2, 5, '2026-02-26 00:00:00', 20.0);
INSERT INTO `Billet` (id_billet, id_client, id_evenement, id_horaire, dateAchat, prix) VALUES (40, 17, 4, 9, '2026-04-03 00:00:00', 12.5);
INSERT INTO `Billet` (id_billet, id_client, id_evenement, id_horaire, dateAchat, prix) VALUES (41, 13, 1, 3, '2026-01-21 00:00:00', 35.0);
INSERT INTO `Billet` (id_billet, id_client, id_evenement, id_horaire, dateAchat, prix) VALUES (42, 2, 6, 16, '2026-04-28 00:00:00', 28.0);
INSERT INTO `Billet` (id_billet, id_client, id_evenement, id_horaire, dateAchat, prix) VALUES (43, 3, 4, 8, '2026-05-04 00:00:00', 12.5);
INSERT INTO `Billet` (id_billet, id_client, id_evenement, id_horaire, dateAchat, prix) VALUES (44, 19, 7, 17, '2026-05-04 00:00:00', 6.0);
INSERT INTO `Billet` (id_billet, id_client, id_evenement, id_horaire, dateAchat, prix) VALUES (45, 6, 9, 22, '2026-09-04 00:00:00', 22.0);
INSERT INTO `Billet` (id_billet, id_client, id_evenement, id_horaire, dateAchat, prix) VALUES (46, 13, 3, 7, '2026-01-28 00:00:00', 45.0);
INSERT INTO `Billet` (id_billet, id_client, id_evenement, id_horaire, dateAchat, prix) VALUES (47, 26, 9, 22, '2026-08-20 00:00:00', 22.0);
INSERT INTO `Billet` (id_billet, id_client, id_evenement, id_horaire, dateAchat, prix) VALUES (48, 24, 1, 2, '2026-02-20 00:00:00', 35.0);
INSERT INTO `Billet` (id_billet, id_client, id_evenement, id_horaire, dateAchat, prix) VALUES (49, 18, 6, 15, '2026-05-31 00:00:00', 28.0);
INSERT INTO `Billet` (id_billet, id_client, id_evenement, id_horaire, dateAchat, prix) VALUES (50, 3, 2, 4, '2026-03-04 00:00:00', 20.0);
INSERT INTO `Billet` (id_billet, id_client, id_evenement, id_horaire, dateAchat, prix) VALUES (51, 9, 1, 3, '2025-12-26 00:00:00', 35.0);
INSERT INTO `Billet` (id_billet, id_client, id_evenement, id_horaire, dateAchat, prix) VALUES (52, 3, 5, 11, '2026-03-25 00:00:00', 10.0);
INSERT INTO `Billet` (id_billet, id_client, id_evenement, id_horaire, dateAchat, prix) VALUES (53, 1, 10, 25, '2026-07-16 00:00:00', 5.0);
INSERT INTO `Billet` (id_billet, id_client, id_evenement, id_horaire, dateAchat, prix) VALUES (54, 26, 7, 17, '2026-07-04 00:00:00', 6.0);
INSERT INTO `Billet` (id_billet, id_client, id_evenement, id_horaire, dateAchat, prix) VALUES (55, 26, 9, 23, '2026-07-18 00:00:00', 22.0);
INSERT INTO `Billet` (id_billet, id_client, id_evenement, id_horaire, dateAchat, prix) VALUES (56, 24, 6, 16, '2026-06-03 00:00:00', 28.0);
INSERT INTO `Billet` (id_billet, id_client, id_evenement, id_horaire, dateAchat, prix) VALUES (57, 26, 5, 13, '2026-05-30 00:00:00', 10.0);
INSERT INTO `Billet` (id_billet, id_client, id_evenement, id_horaire, dateAchat, prix) VALUES (58, 25, 5, 13, '2026-05-13 00:00:00', 10.0);
INSERT INTO `Billet` (id_billet, id_client, id_evenement, id_horaire, dateAchat, prix) VALUES (59, 16, 4, 8, '2026-05-03 00:00:00', 12.5);
INSERT INTO `Billet` (id_billet, id_client, id_evenement, id_horaire, dateAchat, prix) VALUES (60, 21, 7, 17, '2026-06-16 00:00:00', 6.0);
INSERT INTO `Billet` (id_billet, id_client, id_evenement, id_horaire, dateAchat, prix) VALUES (61, 14, 7, 17, '2026-04-25 00:00:00', 6.0);
INSERT INTO `Billet` (id_billet, id_client, id_evenement, id_horaire, dateAchat, prix) VALUES (62, 12, 9, 22, '2026-07-02 00:00:00', 22.0);
INSERT INTO `Billet` (id_billet, id_client, id_evenement, id_horaire, dateAchat, prix) VALUES (63, 9, 7, 17, '2026-06-30 00:00:00', 6.0);
INSERT INTO `Billet` (id_billet, id_client, id_evenement, id_horaire, dateAchat, prix) VALUES (64, 4, 9, 22, '2026-09-11 00:00:00', 22.0);
INSERT INTO `Billet` (id_billet, id_client, id_evenement, id_horaire, dateAchat, prix) VALUES (65, 10, 6, 15, '2026-04-04 00:00:00', 28.0);
INSERT INTO `Billet` (id_billet, id_client, id_evenement, id_horaire, dateAchat, prix) VALUES (66, 4, 1, 2, '2026-02-10 00:00:00', 35.0);
INSERT INTO `Billet` (id_billet, id_client, id_evenement, id_horaire, dateAchat, prix) VALUES (67, 24, 5, 13, '2026-05-06 00:00:00', 10.0);
INSERT INTO `Billet` (id_billet, id_client, id_evenement, id_horaire, dateAchat, prix) VALUES (68, 1, 7, 19, '2026-06-29 00:00:00', 6.0);
INSERT INTO `Billet` (id_billet, id_client, id_evenement, id_horaire, dateAchat, prix) VALUES (69, 4, 6, 15, '2026-06-13 00:00:00', 28.0);
INSERT INTO `Billet` (id_billet, id_client, id_evenement, id_horaire, dateAchat, prix) VALUES (70, 26, 4, 8, '2026-03-18 00:00:00', 12.5);
SET FOREIGN_KEY_CHECKS=1;
